<?xml version="1.0" encoding="UTF-8"?>
<beans xmlns="http://www.springframework.org/schema/beans"
	xmlns:xsi="http://www.w3.org/2001/XMLSchema-instance" xmlns:context="http://www.springframework.org/schema/context"
	xmlns:mvc="http://www.springframework.org/schema/mvc" xmlns:security="http://www.springframework.org/schema/security"
	xsi:schemaLocation="http://www.springframework.org/schema/mvc http://www.springframework.org/schema/mvc/spring-mvc-4.2.xsd
		http://www.springframework.org/schema/beans http://www.springframework.org/schema/beans/spring-beans.xsd
		http://www.springframework.org/schema/context http://www.springframework.org/schema/context/spring-context-4.2.xsd
		http://www.springframework.org/schema/security http://www.springframework.org/schema/security/spring-security.xsd">
<!-- 	включаємо анотації і вказуємо який бін  -->
<!-- 	буде валідувати(валідація буде пізніше) -->
	<mvc:annotation-driven validator="validator">
<!-- 	підключаємо конвертери з JSON в Java клас і навпаки -->
		<mvc:message-converters>
			<bean class="org.springframework.http.converter.StringHttpMessageConverter" />
			<bean class="org.springframework.http.converter.json.MappingJackson2HttpMessageConverter" />
		</mvc:message-converters>
<!-- 	аргумент резолвер потрібен для посторіночної розбивки -->
<!-- 	також детальніше розгланемо пізніше -->
		<mvc:argument-resolvers>
			<bean class="org.springframework.data.web.PageableHandlerMethodArgumentResolver">
				<property name="oneIndexedParameters" value="true"></property>
				<property name="pageParameterName" value="page"></property>
				<property name="sizeParameterName" value="size"></property>
			</bean>
		</mvc:argument-resolvers>
	</mvc:annotation-driven>
	<context:component-scan base-package="ua.controller" />
<!-- 	створюємо бін для валідації -->
	<bean id="validator" class="org.springframework.validation.beanvalidation.LocalValidatorFactoryBean"/>
<!-- 	конфіг біна який відповідає за тайлси -->
	<bean id="tilesConfigurer" class="org.springframework.web.servlet.view.tiles3.TilesConfigurer">
<!-- 	вказуємо де знаходиться конфігураційний файл тайлсів -->
		<property name="definitions">
			<list>
				<value>/WEB-INF/defs/general.xml</value>
			</list>
		</property>
	</bean>
<!-- 	резолвер який вміє працювати з тайлсами -->
	<bean id="viewResolver" class="org.springframework.web.servlet.view.UrlBasedViewResolver">
		<property name="viewClass" value="org.springframework.web.servlet.view.tiles3.TilesView" />
	</bean>
</beans>