<?xml version="1.0" encoding="UTF-8"?>
<beans xmlns="http://www.springframework.org/schema/beans"
	xmlns:xsi="http://www.w3.org/2001/XMLSchema-instance" xmlns:context="http://www.springframework.org/schema/context"
	xmlns:mvc="http://www.springframework.org/schema/mvc" xmlns:security="http://www.springframework.org/schema/security"
	xsi:schemaLocation="http://www.springframework.org/schema/mvc 
		http://www.springframework.org/schema/mvc/spring-mvc-4.2.xsd
		http://www.springframework.org/schema/beans 
		http://www.springframework.org/schema/beans/spring-beans.xsd
		http://www.springframework.org/schema/context 
		http://www.springframework.org/schema/context/spring-context-4.2.xsd
		http://www.springframework.org/schema/security 
		http://www.springframework.org/schema/security/spring-security.xsd">

	<mvc:annotation-driven validator="validator">
		<mvc:message-converters>
			<bean class="org.springframework.http.converter.StringHttpMessageConverter" />
			<bean
				class="org.springframework.http.converter.json.MappingJackson2HttpMessageConverter" />
		</mvc:message-converters>
		<mvc:argument-resolvers>
			<bean
				class="org.springframework.data.web.PageableHandlerMethodArgumentResolver">
				<property name="oneIndexedParameters" value="true"></property>
				<property name="pageParameterName" value="page"></property>
				<property name="sizeParameterName" value="size"></property>
			</bean>
		</mvc:argument-resolvers>
	</mvc:annotation-driven>

	<context:component-scan base-package="ua.controller" />

	<bean id="validator"
		class="org.springframework.validation.beanvalidation.LocalValidatorFactoryBean">
	</bean>

	<bean id="tilesConfigurer"
		class="org.springframework.web.servlet.view.tiles3.TilesConfigurer">
		<property name="definitions">
			<list>
				<value>/WEB-INF/defs/general.xml</value>
			</list>
		</property>
	</bean>

	<bean id="viewResolver"
		class="org.springframework.web.servlet.view.UrlBasedViewResolver">
		<property name="viewClass"
			value="org.springframework.web.servlet.view.tiles3.TilesView" />
	</bean>

	<bean id="multipartResolver"
		class="org.springframework.web.multipart.support.StandardServletMultipartResolver" />
	<mvc:resources mapping="/images/**" location="file:${catalina.home}/images/"
		cache-period="3600" />
	<mvc:resources mapping="/resources/**" location="/resources/"
		cache-period="3600" />



</beans>